date,product_id,opening_stock,closing_stock,stockout_flag
2024-03-12,1000,243,0,1
2024-01-31,1001,252,59,0
2024-01-25,1002,26,0,1
2024-01-16,1003,392,0,1
2024-03-08,1004,90,53,0
2024-01-13,1005,493,383,0
2024-03-20,1006,296,275,0
2024-02-16,1007,199,146,0
2024-03-10,1008,481,0,1
2024-03-05,1009,497,24,0
2024-01-29,1010,70,0,1
2024-02-29,1011,318,0,1
2024-03-21,1012,446,411,0
2024-03-25,1013,219,0,1
2024-01-27,1014,66,2,0
2024-02-05,1015,71,0,1
2024-01-07,1016,199,185,0
2024-01-25,1017,302,128,0
2024-01-15,1018,158,15,0
2024-01-20,1019,30,3,0
2024-03-28,1020,277,30,0
2024-03-01,1021,88,17,0
2024-03-04,1022,70,0,1
2024-01-23,1023,200,113,0
2024-01-21,1024,166,47,0
2024-03-26,1025,201,0,1
2024-01-06,1026,165,0,1
2024-01-07,1027,160,0,1
2024-03-23,1028,258,145,0
2024-02-16,1029,24,0,1
2024-02-06,1030,415,0,1
2024-01-27,1031,83,6,0
2024-02-25,1032,82,41,0
2024-02-02,1033,411,0,1
2024-02-12,1034,311,180,0
2024-03-19,1035,225,0,1
2024-02-28,1036,34,16,0
2024-01-06,1037,489,150,0
2024-01-14,1038,467,0,1
2024-01-07,1039,166,0,1
2024-03-09,1040,465,0,1
2024-01-23,1041,155,0,1
2024-01-21,1042,120,17,0
2024-01-04,1043,103,78,0
2024-03-03,1044,429,0,1
2024-03-06,1045,388,204,0
2024-01-15,1046,260,0,1
2024-01-10,1047,11,8,0
2024-01-31,1048,72,16,0
2024-02-26,1049,290,40,0
2024-03-16,1050,188,0,1
2024-03-15,1051,44,5,0
2024-02-11,1052,455,129,0
2024-02-23,1053,32,0,1
2024-01-26,1054,223,140,0
2024-03-27,1055,256,0,1
2024-02-11,1056,303,0,1
2024-01-30,1057,168,53,0
2024-01-15,1058,299,0,1
2024-02-11,1059,241,127,0
2024-01-30,1060,470,362,0
2024-01-13,1061,182,0,1
2024-01-31,1062,410,0,1
2024-02-22,1063,203,0,1
2024-01-26,1064,253,0,1
2024-02-18,1065,437,377,0
2024-01-29,1066,378,183,0
2024-01-10,1067,436,113,0
2024-03-01,1068,320,0,1
2024-03-15,1069,77,57,0
2024-03-03,1070,400,0,1
2024-01-07,1071,80,0,1
2024-02-25,1072,268,155,0
2024-01-19,1073,335,0,1
2024-01-28,1074,245,242,0
2024-03-19,1075,399,0,1
2024-02-28,1076,240,0,1
2024-01-23,1077,351,188,0
2024-02-19,1078,239,0,1
2024-02-17,1079,86,71,0
2024-01-18,1080,453,150,0
2024-02-28,1081,382,0,1
2024-01-25,1082,176,0,1
2024-03-21,1083,55,42,0
2024-02-15,1084,419,0,1
2024-02-04,1085,329,0,1
2024-01-26,1086,350,126,0
2024-02-12,1087,329,0,1
2024-01-17,1088,219,0,1
2024-01-05,1089,208,0,1
2024-03-29,1090,129,69,0
2024-03-13,1091,470,0,1
2024-01-08,1092,212,82,0
2024-02-05,1093,183,179,0
2024-01-18,1094,286,278,0
2024-01-15,1095,33,33,0
2024-02-29,1096,500,54,0
2024-02-28,1097,353,0,1
2024-02-23,1098,465,0,1
2024-01-22,1099,236,0,1
2024-02-13,1100,386,28,0
2024-01-29,1101,152,89,0
2024-02-07,1102,340,0,1
2024-03-18,1103,55,0,1
2024-01-21,1104,453,0,1
2024-03-22,1105,94,0,1
2024-03-19,1106,372,0,1
2024-01-22,1107,22,0,1
2024-03-14,1108,302,0,1
2024-03-11,1109,332,211,0
2024-01-30,1110,417,0,1
2024-01-12,1111,405,0,1
2024-02-22,1112,372,362,0
2024-03-07,1113,168,0,1
2024-03-03,1114,297,249,0
2024-01-28,1115,340,144,0
2024-03-16,1116,73,0,1
2024-03-01,1117,339,41,0
2024-02-29,1118,296,0,1
2024-02-05,1119,53,0,1
2024-01-02,1120,108,27,0
2024-02-24,1121,499,467,0
2024-02-01,1122,326,0,1
2024-02-01,1123,287,0,1
2024-02-11,1124,305,0,1
2024-02-25,1125,397,71,0
2024-03-15,1126,37,34,0
2024-01-29,1127,500,119,0
2024-03-16,1128,301,157,0
2024-01-20,1129,277,108,0
2024-03-14,1130,106,0,1
2024-01-01,1131,394,63,0
2024-02-23,1132,253,96,0
2024-01-06,1133,267,0,1
2024-01-06,1134,469,0,1
2024-03-01,1135,19,5,0
2024-03-05,1136,71,5,0
2024-01-05,1137,347,121,0
2024-02-24,1138,489,0,1
2024-03-08,1139,282,0,1
2024-02-20,1140,102,90,0
2024-03-02,1141,19,15,0
2024-03-30,1142,150,117,0
2024-01-13,1143,412,0,1
2024-02-27,1144,115,0,1
2024-03-04,1145,135,30,0
2024-01-31,1146,434,0,1
2024-01-11,1147,371,11,0
2024-03-12,1148,439,256,0
2024-01-02,1149,464,429,0
2024-03-29,1150,306,18,0
2024-02-22,1151,237,0,1
2024-01-28,1152,53,0,1
2024-01-17,1153,423,0,1
2024-02-15,1154,283,139,0
2024-02-07,1155,320,0,1
2024-01-31,1156,174,72,0
2024-03-23,1157,215,0,1
2024-01-12,1158,311,0,1
2024-01-03,1159,33,0,1
2024-03-02,1160,261,0,1
2024-03-26,1161,451,0,1
2024-02-09,1162,488,302,0
2024-01-21,1163,21,13,0
2024-03-31,1164,184,77,0
2024-02-28,1165,233,212,0
2024-03-14,1166,102,11,0
2024-03-15,1167,222,0,1
2024-01-04,1168,22,2,0
2024-02-28,1169,450,143,0
2024-02-29,1170,280,0,1
2024-01-18,1171,172,0,1
2024-03-31,1172,205,157,0
2024-02-21,1173,141,99,0
2024-01-24,1174,56,0,1
2024-02-17,1175,68,0,1
2024-03-21,1176,60,0,1
2024-02-29,1177,287,0,1
2024-03-31,1178,96,64,0
2024-03-22,1179,156,5,0
2024-01-01,1180,83,0,1
2024-03-21,1181,103,49,0
2024-01-10,1182,140,99,0
2024-02-19,1183,403,0,1
2024-03-29,1184,55,29,0
2024-02-12,1185,88,0,1
2024-03-08,1186,167,0,1
2024-01-05,1187,497,23,0
2024-02-07,1188,218,58,0
2024-02-24,1189,357,106,0
2024-02-04,1190,96,49,0
2024-03-30,1191,40,12,0
2024-03-19,1192,324,221,0
2024-03-10,1193,176,137,0
2024-03-14,1194,102,0,1
2024-01-27,1195,23,0,1
2024-03-28,1196,375,27,0
2024-01-11,1197,39,20,0
2024-03-20,1198,162,9,0
2024-02-12,1199,209,139,0
2024-01-08,1200,60,49,0
2024-03-06,1201,173,90,0
2024-03-27,1202,82,0,1
2024-02-16,1203,221,7,0
2024-01-07,1204,467,466,0
2024-01-15,1205,175,156,0
2024-02-19,1206,142,0,1
2024-02-16,1207,202,0,1
2024-02-29,1208,492,387,0
2024-03-20,1209,433,0,1
2024-01-06,1210,470,458,0
2024-02-16,1211,71,44,0
2024-02-16,1212,36,0,1
2024-01-23,1213,113,107,0
2024-03-23,1214,132,0,1
2024-03-12,1215,395,0,1
2024-03-31,1216,315,135,0
2024-01-09,1217,310,0,1
2024-03-12,1218,131,0,1
2024-03-31,1219,262,0,1
2024-01-27,1220,270,111,0
2024-01-18,1221,395,388,0
2024-02-12,1222,268,15,0
2024-01-31,1223,207,88,0
2024-03-10,1224,496,372,0
2024-01-15,1225,68,56,0
2024-03-24,1226,147,110,0
2024-03-02,1227,41,0,1
2024-03-15,1228,172,15,0
2024-03-30,1229,247,207,0
2024-01-27,1230,293,56,0
2024-01-29,1231,218,0,1
2024-02-11,1232,43,0,1
2024-02-15,1233,257,199,0
2024-02-04,1234,24,0,1
2024-03-05,1235,218,185,0
2024-03-28,1236,334,0,1
2024-02-24,1237,129,0,1
2024-02-05,1238,477,0,1
2024-01-07,1239,463,348,0
2024-01-09,1240,19,0,1
2024-02-17,1241,147,0,1
2024-02-14,1242,293,148,0
2024-02-27,1243,310,0,1
2024-03-03,1244,355,0,1
2024-03-05,1245,61,55,0
2024-03-08,1246,136,119,0
2024-01-16,1247,400,218,0
2024-03-01,1248,294,0,1
2024-03-31,1249,343,294,0
2024-03-09,1250,412,0,1
2024-03-27,1251,74,73,0
2024-03-09,1252,165,0,1
2024-02-07,1253,300,266,0
2024-02-27,1254,218,0,1
2024-03-20,1255,238,0,1
2024-02-17,1256,52,0,1
2024-03-27,1257,443,134,0
2024-03-29,1258,335,84,0
2024-01-09,1259,266,196,0
2024-01-25,1260,114,0,1
2024-02-28,1261,410,240,0
2024-01-12,1262,82,31,0
2024-01-11,1263,201,0,1
2024-02-20,1264,286,68,0
2024-01-23,1265,96,0,1
2024-02-06,1266,410,8,0
2024-01-10,1267,135,0,1
2024-01-14,1268,285,0,1
2024-01-22,1269,497,0,1
2024-02-05,1270,226,72,0
2024-01-15,1271,476,410,0
2024-03-30,1272,294,0,1
2024-01-19,1273,241,175,0
2024-03-04,1274,31,31,0
2024-01-20,1275,10,0,1
2024-01-27,1276,426,141,0
2024-03-07,1277,247,0,1
2024-03-21,1278,434,44,0
2024-01-03,1279,327,128,0
2024-02-07,1280,158,139,0
2024-02-23,1281,344,0,1
2024-03-28,1282,95,0,1
2024-03-10,1283,10,5,0
2024-01-17,1284,40,0,1
2024-03-01,1285,487,0,1
2024-02-14,1286,481,0,1
2024-02-23,1287,256,173,0
2024-02-26,1288,149,147,0
2024-03-23,1289,316,203,0
2024-01-03,1290,138,0,1
2024-02-07,1291,439,0,1
2024-01-25,1292,358,20,0
2024-01-09,1293,204,0,1
2024-01-03,1294,189,0,1
2024-01-30,1295,441,0,1
2024-03-07,1296,333,316,0
2024-03-23,1297,118,0,1
2024-02-12,1298,309,141,0
2024-02-22,1299,440,186,0
2024-03-15,1300,271,138,0
2024-02-13,1301,154,65,0
2024-03-24,1302,33,0,1
2024-03-23,1303,92,0,1
2024-02-11,1304,388,335,0
2024-03-03,1305,283,0,1
2024-03-16,1306,298,7,0
2024-03-26,1307,45,0,1
2024-03-30,1308,163,0,1
2024-03-08,1309,55,8,0
2024-03-11,1310,212,0,1
2024-02-26,1311,367,0,1
2024-02-28,1312,72,0,1
2024-02-08,1313,435,0,1
2024-03-13,1314,81,0,1
2024-01-17,1315,381,0,1
2024-02-09,1316,294,158,0
2024-01-22,1317,153,0,1
2024-02-03,1318,459,292,0
2024-01-30,1319,231,0,1
2024-03-02,1320,117,0,1
2024-02-17,1321,322,0,1
2024-02-06,1322,268,165,0
2024-01-07,1323,500,429,0
2024-01-19,1324,420,136,0
2024-02-15,1325,172,46,0
2024-02-06,1326,462,228,0
2024-02-28,1327,359,237,0
2024-01-22,1328,494,9,0
2024-03-20,1329,185,113,0
2024-01-21,1330,335,0,1
2024-03-09,1331,143,0,1
2024-02-06,1332,395,5,0
2024-01-24,1333,372,0,1
2024-01-23,1334,241,120,0
2024-03-31,1335,149,0,1
2024-03-29,1336,135,0,1
2024-03-26,1337,349,19,0
2024-01-20,1338,174,0,1
2024-01-21,1339,184,92,0
2024-01-31,1340,117,62,0
2024-01-15,1341,245,164,0
2024-01-06,1342,316,0,1
2024-02-10,1343,178,0,1
2024-03-14,1344,18,18,0
2024-01-17,1345,477,112,0
2024-02-26,1346,364,0,1
2024-02-03,1347,78,53,0
2024-02-17,1348,340,30,0
2024-01-24,1349,482,297,0
2024-01-27,1350,11,2,0
2024-03-12,1351,321,0,1
2024-03-31,1352,253,71,0
2024-01-05,1353,12,0,1
2024-03-26,1354,471,460,0
2024-02-10,1355,14,0,1
2024-02-14,1356,354,0,1
2024-01-19,1357,98,0,1
2024-02-17,1358,221,157,0
2024-02-27,1359,294,0,1
2024-03-10,1360,468,283,0
2024-01-21,1361,366,0,1
2024-03-09,1362,370,161,0
2024-02-08,1363,260,33,0
2024-01-16,1364,400,0,1
2024-01-04,1365,211,0,1
2024-02-21,1366,285,0,1
2024-03-04,1367,51,0,1
2024-01-19,1368,413,0,1
2024-02-28,1369,458,226,0
2024-02-10,1370,342,93,0
2024-01-20,1371,343,0,1
2024-01-01,1372,49,17,0
2024-03-10,1373,285,0,1
2024-03-05,1374,25,25,0
2024-02-12,1375,466,0,1
2024-03-23,1376,436,0,1
2024-03-31,1377,427,403,0
2024-02-07,1378,353,0,1
2024-03-01,1379,237,71,0
2024-02-07,1380,354,0,1
2024-03-14,1381,73,0,1
2024-03-26,1382,190,0,1
2024-01-19,1383,426,0,1
2024-03-13,1384,202,67,0
2024-02-26,1385,433,254,0
2024-02-13,1386,317,0,1
2024-03-29,1387,193,33,0
2024-01-15,1388,208,0,1
2024-03-02,1389,100,0,1
2024-01-06,1390,439,117,0
2024-01-18,1391,403,323,0
2024-03-27,1392,425,0,1
2024-03-11,1393,366,0,1
2024-01-15,1394,14,3,0
2024-02-09,1395,73,19,0
2024-01-04,1396,246,224,0
2024-02-21,1397,199,0,1
2024-03-20,1398,489,317,0
2024-01-29,1399,108,0,1
2024-02-27,1400,237,168,0
2024-02-15,1401,14,1,0
2024-01-12,1402,123,0,1
2024-02-11,1403,390,120,0
2024-01-08,1404,20,0,1
2024-03-18,1405,398,0,1
2024-03-23,1406,153,0,1
2024-01-25,1407,358,0,1
2024-03-15,1408,481,0,1
2024-03-08,1409,373,0,1
2024-01-29,1410,193,30,0
2024-02-05,1411,108,0,1
2024-01-26,1412,56,42,0
2024-01-03,1413,427,0,1
2024-01-11,1414,324,0,1
2024-03-09,1415,330,20,0
2024-02-27,1416,165,48,0
2024-03-27,1417,423,0,1
2024-03-26,1418,377,0,1
2024-01-12,1419,123,88,0
2024-03-06,1420,129,0,1
2024-02-20,1421,262,260,0
2024-01-25,1422,195,113,0
2024-03-03,1423,28,19,0
2024-02-10,1424,153,0,1
2024-03-18,1425,262,163,0
2024-03-18,1426,473,22,0
2024-03-06,1427,370,0,1
2024-01-08,1428,371,0,1
2024-03-26,1429,320,0,1
2024-02-16,1430,117,71,0
2024-02-20,1431,13,12,0
2024-01-19,1432,110,30,0
2024-02-24,1433,430,0,1
2024-02-17,1434,336,0,1
2024-02-19,1435,212,16,0
2024-02-17,1436,66,0,1
2024-01-02,1437,455,0,1
2024-02-06,1438,152,0,1
2024-02-14,1439,301,133,0
2024-02-14,1440,266,0,1
2024-02-09,1441,262,0,1
2024-02-27,1442,97,0,1
2024-03-12,1443,292,132,0
2024-01-12,1444,109,3,0
2024-01-28,1445,347,181,0
2024-02-26,1446,388,277,0
2024-02-23,1447,299,23,0
2024-02-26,1448,354,308,0
2024-02-06,1449,359,0,1
2024-01-21,1450,318,121,0
2024-02-24,1451,299,180,0
2024-02-23,1452,99,14,0
2024-01-18,1453,43,0,1
2024-03-16,1454,311,0,1
2024-03-17,1455,75,10,0
2024-01-12,1456,391,0,1
2024-01-19,1457,43,0,1
2024-01-27,1458,75,0,1
2024-02-08,1459,142,0,1
2024-03-01,1460,487,0,1
2024-03-08,1461,301,260,0
2024-02-12,1462,448,0,1
2024-01-09,1463,126,57,0
2024-03-16,1464,461,58,0
2024-02-18,1465,277,262,0
2024-01-12,1466,383,40,0
2024-01-01,1467,410,0,1
2024-02-22,1468,150,61,0
2024-03-22,1469,108,0,1
2024-02-04,1470,444,105,0
2024-02-23,1471,357,0,1
2024-01-23,1472,21,11,0
2024-03-12,1473,364,0,1
2024-02-29,1474,357,293,0
2024-03-31,1475,282,191,0
2024-03-13,1476,324,213,0
2024-01-18,1477,139,19,0
2024-01-26,1478,358,329,0
2024-01-24,1479,296,219,0
2024-02-18,1480,462,449,0
2024-02-07,1481,242,0,1
2024-03-11,1482,11,5,0
2024-03-03,1483,490,0,1
2024-01-06,1484,228,37,0
2024-02-08,1485,338,13,0
2024-03-15,1486,354,0,1
2024-02-08,1487,492,168,0
2024-03-04,1488,342,311,0
2024-03-12,1489,36,24,0
2024-02-29,1490,447,172,0
2024-01-29,1491,490,0,1
2024-01-04,1492,175,0,1
2024-01-01,1493,231,0,1
2024-01-20,1494,442,209,0
2024-02-03,1495,218,167,0
2024-02-08,1496,150,0,1
2024-03-22,1497,72,0,1
2024-03-22,1498,358,0,1
2024-03-01,1499,275,192,0
2024-01-16,1500,248,0,1
2024-03-24,1501,263,241,0
2024-03-26,1502,195,0,1
2024-02-06,1503,274,151,0
2024-02-23,1504,398,0,1
2024-01-23,1505,32,0,1
2024-03-03,1506,462,0,1
2024-03-29,1507,379,0,1
2024-03-23,1508,124,0,1
2024-02-01,1509,34,2,0
2024-01-04,1510,152,0,1
2024-01-16,1511,480,83,0
2024-02-05,1512,225,95,0
2024-03-04,1513,282,23,0
2024-01-09,1514,239,75,0
2024-03-17,1515,171,39,0
2024-02-16,1516,12,0,1
2024-03-15,1517,210,152,0
2024-03-02,1518,109,0,1
2024-03-13,1519,181,0,1
2024-02-25,1520,51,0,1
2024-02-03,1521,460,14,0
2024-03-21,1522,302,0,1
2024-03-28,1523,423,55,0
2024-03-01,1524,22,0,1
2024-03-29,1525,387,0,1
2024-01-16,1526,125,0,1
2024-02-17,1527,363,0,1
2024-03-06,1528,226,0,1
2024-03-14,1529,500,312,0
2024-01-03,1530,48,14,0
2024-02-03,1531,479,414,0
2024-01-21,1532,137,81,0
2024-03-15,1533,110,0,1
2024-01-08,1534,94,0,1
2024-01-19,1535,178,0,1
2024-02-10,1536,169,0,1
2024-02-29,1537,42,33,0
2024-03-29,1538,330,0,1
2024-01-18,1539,330,261,0
2024-02-15,1540,59,0,1
2024-01-21,1541,24,19,0
2024-01-07,1542,255,183,0
2024-02-04,1543,231,89,0
2024-02-16,1544,423,111,0
2024-02-23,1545,22,13,0
2024-03-22,1546,313,299,0
2024-02-15,1547,418,17,0
2024-01-07,1548,330,0,1
2024-02-07,1549,488,337,0
2024-02-07,1550,181,39,0
2024-03-08,1551,440,0,1
2024-03-22,1552,138,0,1
2024-01-10,1553,136,0,1
2024-03-06,1554,65,49,0
2024-01-25,1555,252,196,0
2024-03-21,1556,132,21,0
2024-01-24,1557,500,490,0
2024-01-13,1558,184,20,0
2024-03-17,1559,436,0,1
2024-01-22,1560,37,0,1
2024-03-10,1561,430,0,1
2024-02-11,1562,180,0,1
2024-02-10,1563,276,0,1
2024-03-28,1564,416,115,0
2024-02-08,1565,131,0,1
2024-02-04,1566,493,290,0
2024-03-28,1567,47,0,1
2024-03-30,1568,407,0,1
2024-03-29,1569,317,258,0
2024-02-16,1570,327,295,0
2024-01-13,1571,234,0,1
2024-03-09,1572,401,323,0
2024-03-15,1573,58,0,1
2024-02-15,1574,330,281,0
2024-01-19,1575,238,188,0
2024-01-02,1576,306,215,0
2024-01-18,1577,73,0,1
2024-03-07,1578,53,0,1
2024-02-06,1579,41,35,0
2024-02-17,1580,479,376,0
2024-03-03,1581,27,0,1
2024-02-22,1582,203,0,1
2024-02-13,1583,170,0,1
2024-01-21,1584,465,0,1
2024-01-14,1585,444,0,1
2024-01-28,1586,365,63,0
2024-01-20,1587,43,34,0
2024-03-05,1588,410,409,0
2024-01-29,1589,75,7,0
2024-01-25,1590,41,39,0
2024-03-12,1591,480,242,0
2024-03-19,1592,420,0,1
2024-03-29,1593,236,0,1
2024-03-08,1594,38,0,1
2024-03-09,1595,164,135,0
2024-03-11,1596,322,0,1
2024-03-30,1597,330,0,1
2024-01-15,1598,231,134,0
2024-02-23,1599,43,29,0
2024-02-28,1600,62,21,0
2024-01-10,1601,356,138,0
2024-01-15,1602,38,13,0
2024-01-17,1603,296,0,1
2024-01-03,1604,36,19,0
2024-03-02,1605,160,63,0
2024-02-14,1606,445,0,1
2024-02-09,1607,205,85,0
2024-03-29,1608,215,0,1
2024-02-16,1609,59,16,0
2024-01-18,1610,326,186,0
2024-02-26,1611,395,119,0
2024-03-17,1612,220,117,0
2024-03-07,1613,129,81,0
2024-02-13,1614,452,0,1
2024-01-23,1615,316,0,1
2024-03-31,1616,413,0,1
2024-02-08,1617,347,60,0
2024-01-04,1618,329,0,1
2024-01-16,1619,15,12,0
2024-01-29,1620,242,0,1
2024-01-17,1621,206,0,1
2024-03-29,1622,247,0,1
2024-01-19,1623,417,124,0
2024-03-29,1624,229,114,0
2024-01-30,1625,460,0,1
2024-02-09,1626,327,210,0
2024-01-17,1627,327,0,1
2024-01-27,1628,61,24,0
2024-01-17,1629,183,0,1
2024-01-11,1630,343,41,0
2024-02-24,1631,490,181,0
2024-03-29,1632,355,0,1
2024-01-15,1633,410,0,1
2024-01-10,1634,23,18,0
2024-01-03,1635,242,0,1
2024-03-02,1636,274,259,0
2024-02-25,1637,178,0,1
2024-01-06,1638,310,0,1
2024-01-26,1639,108,10,0
2024-01-14,1640,65,0,1
2024-01-05,1641,62,59,0
2024-03-25,1642,16,0,1
2024-03-06,1643,314,186,0
2024-03-16,1644,375,0,1
2024-01-08,1645,44,0,1
2024-03-01,1646,313,248,0
2024-01-16,1647,414,0,1
2024-02-02,1648,440,310,0
2024-01-06,1649,109,0,1
2024-01-09,1650,473,118,0
2024-02-08,1651,303,0,1
2024-03-26,1652,74,58,0
2024-01-02,1653,336,215,0
2024-01-13,1654,270,118,0
2024-01-16,1655,141,0,1
2024-03-18,1656,191,146,0
2024-01-27,1657,225,0,1
2024-03-16,1658,256,65,0
2024-01-26,1659,381,0,1
2024-01-24,1660,327,276,0
2024-03-26,1661,237,63,0
2024-02-14,1662,105,0,1
2024-01-04,1663,134,105,0
2024-01-12,1664,80,75,0
2024-01-19,1665,418,341,0
2024-02-05,1666,32,9,0
2024-03-15,1667,40,0,1
2024-02-14,1668,75,34,0
2024-02-15,1669,169,0,1
2024-01-21,1670,309,0,1
2024-03-05,1671,233,204,0
2024-03-19,1672,272,147,0
2024-01-31,1673,343,175,0
2024-03-05,1674,396,161,0
2024-03-13,1675,193,0,1
2024-01-09,1676,169,0,1
2024-01-13,1677,308,61,0
2024-03-15,1678,463,42,0
2024-01-02,1679,287,210,0
2024-03-08,1680,407,216,0
2024-01-28,1681,84,65,0
2024-01-25,1682,85,19,0
2024-02-06,1683,250,148,0
2024-01-22,1684,168,0,1
2024-03-09,1685,318,254,0
2024-01-01,1686,185,162,0
2024-01-13,1687,159,51,0
2024-01-28,1688,198,47,0
2024-03-05,1689,14,0,1
2024-03-31,1690,275,233,0
2024-03-01,1691,310,8,0
2024-02-16,1692,346,86,0
2024-03-30,1693,357,0,1
2024-03-16,1694,84,0,1
2024-01-24,1695,39,8,0
2024-02-26,1696,131,0,1
2024-03-27,1697,269,0,1
2024-01-14,1698,429,0,1
2024-01-24,1699,437,215,0
2024-02-15,1700,296,135,0
2024-02-18,1701,449,392,0
2024-02-24,1702,37,0,1
2024-01-28,1703,226,142,0
2024-03-06,1704,186,183,0
2024-01-30,1705,110,61,0
2024-02-22,1706,112,96,0
2024-01-15,1707,337,0,1
2024-02-10,1708,475,52,0
2024-01-16,1709,113,0,1
2024-02-29,1710,412,65,0
2024-01-15,1711,45,3,0
2024-03-07,1712,184,111,0
2024-01-18,1713,106,4,0
2024-03-04,1714,351,86,0
2024-02-16,1715,253,0,1
2024-03-31,1716,365,0,1
2024-02-06,1717,364,38,0
2024-03-12,1718,249,0,1
2024-01-06,1719,317,0,1
2024-01-11,1720,364,68,0
2024-02-11,1721,179,0,1
2024-03-04,1722,446,264,0
2024-01-15,1723,306,0,1
2024-02-19,1724,299,272,0
2024-02-06,1725,181,100,0
2024-02-28,1726,325,217,0
2024-03-17,1727,163,91,0
2024-02-09,1728,224,0,1
2024-03-28,1729,178,0,1
2024-02-26,1730,93,17,0
2024-01-29,1731,63,0,1
2024-03-11,1732,242,103,0
2024-02-22,1733,458,0,1
2024-02-07,1734,414,357,0
2024-02-24,1735,476,286,0
2024-01-25,1736,31,8,0
2024-01-09,1737,263,151,0
2024-03-01,1738,122,0,1
2024-03-27,1739,481,0,1
2024-02-17,1740,11,2,0
2024-01-23,1741,337,0,1
2024-01-02,1742,124,44,0
2024-03-27,1743,364,0,1
2024-03-03,1744,127,0,1
2024-03-27,1745,248,0,1
2024-01-14,1746,329,173,0
2024-02-20,1747,119,0,1
2024-02-26,1748,132,0,1
2024-03-07,1749,256,0,1
2024-03-25,1750,386,0,1
2024-03-27,1751,403,303,0
2024-01-11,1752,497,312,0
2024-01-16,1753,427,316,0
2024-01-19,1754,179,28,0
2024-02-20,1755,423,0,1
2024-02-21,1756,388,370,0
2024-03-29,1757,202,0,1
2024-03-16,1758,115,0,1
2024-01-14,1759,214,0,1
2024-01-22,1760,104,6,0
2024-01-09,1761,432,38,0
2024-02-16,1762,13,0,1
2024-01-26,1763,195,0,1
2024-02-13,1764,15,12,0
2024-01-26,1765,47,23,0
2024-03-17,1766,193,0,1
2024-02-21,1767,25,15,0
2024-01-16,1768,294,210,0
2024-01-30,1769,68,0,1
2024-02-24,1770,82,0,1
2024-03-04,1771,158,0,1
2024-02-05,1772,235,0,1
2024-03-15,1773,109,0,1
2024-03-16,1774,333,0,1
2024-02-04,1775,309,0,1
2024-03-23,1776,477,0,1
2024-02-21,1777,401,323,0
2024-02-15,1778,194,116,0
2024-03-01,1779,32,0,1
2024-03-26,1780,25,0,1
2024-03-18,1781,111,0,1
2024-02-21,1782,111,0,1
2024-03-03,1783,155,112,0
2024-03-06,1784,99,0,1
2024-02-05,1785,122,38,0
2024-01-19,1786,463,0,1
2024-02-28,1787,144,123,0
2024-01-14,1788,378,359,0
2024-01-16,1789,99,18,0
2024-02-02,1790,183,0,1
2024-03-03,1791,443,376,0
2024-03-04,1792,293,94,0
2024-01-30,1793,135,131,0
2024-03-21,1794,101,0,1
2024-01-18,1795,110,0,1
2024-01-04,1796,21,3,0
2024-01-13,1797,100,20,0
2024-01-07,1798,441,4,0
2024-01-09,1799,144,0,1
2024-03-04,1800,476,0,1
2024-03-27,1801,61,38,0
2024-01-04,1802,20,0,1
2024-01-23,1803,435,0,1
2024-02-18,1804,356,304,0
2024-03-18,1805,80,0,1
2024-03-27,1806,204,95,0
2024-02-11,1807,345,333,0
2024-01-20,1808,413,233,0
2024-02-08,1809,463,195,0
2024-03-20,1810,66,42,0
2024-03-20,1811,183,113,0
2024-01-13,1812,489,91,0
2024-01-10,1813,117,0,1
2024-03-25,1814,166,131,0
2024-03-07,1815,243,0,1
2024-03-04,1816,132,0,1
2024-02-29,1817,199,185,0
2024-01-26,1818,424,302,0
2024-02-07,1819,200,72,0
2024-03-25,1820,348,0,1
2024-03-04,1821,97,13,0
2024-03-03,1822,491,119,0
2024-03-05,1823,279,153,0
2024-02-03,1824,419,0,1
2024-03-10,1825,329,253,0
2024-02-13,1826,461,175,0
2024-03-10,1827,232,13,0
2024-03-10,1828,459,289,0
2024-01-03,1829,374,266,0
2024-01-05,1830,43,0,1
2024-02-25,1831,70,68,0
2024-01-16,1832,83,75,0
2024-02-19,1833,461,0,1
2024-02-27,1834,483,261,0
2024-02-10,1835,76,0,1
2024-02-18,1836,416,0,1
2024-02-26,1837,107,0,1
2024-02-28,1838,108,0,1
2024-01-05,1839,282,0,1
2024-01-05,1840,203,110,0
2024-01-23,1841,365,0,1
2024-03-12,1842,201,74,0
2024-03-25,1843,172,83,0
2024-02-08,1844,316,197,0
2024-03-31,1845,229,82,0
2024-01-22,1846,335,92,0
2024-03-03,1847,135,37,0
2024-02-25,1848,481,22,0
2024-01-18,1849,33,0,1
2024-02-09,1850,400,0,1
2024-02-19,1851,325,0,1
2024-03-03,1852,310,0,1
2024-01-15,1853,106,0,1
2024-03-13,1854,447,417,0
2024-03-27,1855,284,0,1
2024-03-03,1856,160,54,0
2024-03-25,1857,414,0,1
2024-03-11,1858,86,56,0
2024-03-28,1859,177,0,1
2024-03-10,1860,136,133,0
2024-03-14,1861,37,18,0
2024-03-01,1862,332,0,1
2024-03-01,1863,417,295,0
2024-03-12,1864,153,81,0
2024-01-21,1865,456,0,1
2024-03-05,1866,74,13,0
2024-01-08,1867,445,178,0
2024-02-20,1868,270,0,1
2024-02-03,1869,309,0,1
2024-03-04,1870,463,0,1
2024-03-16,1871,260,0,1
2024-02-18,1872,117,0,1
2024-03-19,1873,382,146,0
2024-03-27,1874,51,11,0
2024-02-15,1875,411,0,1
2024-02-06,1876,250,0,1
2024-02-11,1877,414,61,0
2024-01-08,1878,349,0,1
2024-01-04,1879,324,148,0
2024-03-16,1880,43,18,0
2024-01-06,1881,95,63,0
2024-01-17,1882,270,0,1
2024-02-16,1883,208,0,1
2024-02-14,1884,394,225,0
2024-03-15,1885,461,115,0
2024-01-04,1886,340,0,1
2024-03-21,1887,394,87,0
2024-02-13,1888,270,148,0
2024-02-18,1889,201,67,0
2024-01-13,1890,265,55,0
2024-02-24,1891,275,119,0
2024-02-14,1892,247,0,1
2024-02-15,1893,101,86,0
2024-02-22,1894,174,72,0
2024-02-14,1895,374,73,0
2024-01-08,1896,201,25,0
2024-03-25,1897,279,0,1
2024-02-01,1898,365,106,0
2024-02-01,1899,257,87,0
2024-01-31,1900,376,0,1
2024-03-23,1901,499,15,0
2024-02-09,1902,263,21,0
2024-03-16,1903,252,0,1
2024-01-11,1904,147,139,0
2024-03-29,1905,307,0,1
2024-01-09,1906,215,138,0
2024-02-09,1907,336,0,1
2024-01-15,1908,481,0,1
2024-02-13,1909,414,0,1
2024-01-22,1910,308,100,0
2024-01-03,1911,342,0,1
2024-03-09,1912,28,0,1
2024-02-11,1913,116,0,1
2024-01-05,1914,122,1,0
2024-02-28,1915,468,251,0
2024-03-25,1916,113,0,1
2024-02-24,1917,241,0,1
2024-03-13,1918,451,427,0
2024-03-06,1919,130,7,0
2024-02-23,1920,212,95,0
2024-02-04,1921,121,0,1
2024-01-03,1922,166,0,1
2024-03-30,1923,227,53,0
2024-03-01,1924,465,0,1
2024-03-16,1925,203,73,0
2024-01-03,1926,302,293,0
2024-02-10,1927,90,0,1
2024-02-18,1928,488,219,0
2024-03-14,1929,441,375,0
2024-02-19,1930,201,114,0
2024-02-11,1931,140,134,0
2024-03-14,1932,291,65,0
2024-01-13,1933,53,30,0
2024-03-03,1934,78,0,1
2024-01-13,1935,394,0,1
2024-03-29,1936,53,19,0
2024-03-27,1937,161,0,1
2024-01-27,1938,237,0,1
2024-02-13,1939,275,0,1
2024-03-04,1940,190,0,1
2024-03-05,1941,127,118,0
2024-03-26,1942,308,0,1
2024-02-13,1943,31,4,0
2024-01-22,1944,248,184,0
2024-03-19,1945,272,62,0
2024-02-08,1946,328,228,0
2024-02-16,1947,182,0,1
2024-02-25,1948,228,228,0
2024-01-26,1949,240,111,0
2024-03-04,1950,249,127,0
2024-03-22,1951,231,0,1
2024-01-10,1952,219,68,0
2024-03-09,1953,198,0,1
2024-01-28,1954,421,45,0
2024-02-06,1955,264,0,1
2024-02-03,1956,172,0,1
2024-01-07,1957,149,36,0
2024-02-08,1958,205,0,1
2024-03-14,1959,22,9,0
2024-02-21,1960,101,94,0
2024-01-29,1961,236,0,1
2024-03-20,1962,129,0,1
2024-01-12,1963,145,0,1
2024-03-15,1964,340,60,0
2024-01-13,1965,48,23,0
2024-03-16,1966,193,21,0
2024-02-13,1967,471,0,1
2024-02-04,1968,52,0,1
2024-01-09,1969,160,0,1
2024-03-13,1970,441,0,1
2024-03-08,1971,266,0,1
2024-03-01,1972,272,114,0
2024-02-24,1973,289,39,0
2024-01-27,1974,339,0,1
2024-02-14,1975,50,21,0
2024-01-10,1976,412,0,1
2024-03-24,1977,151,0,1
2024-02-08,1978,484,0,1
2024-03-05,1979,126,0,1
2024-02-08,1980,60,11,0
2024-02-25,1981,70,0,1
2024-03-25,1982,46,0,1
2024-03-10,1983,194,0,1
2024-02-10,1984,29,0,1
2024-01-26,1985,289,260,0
2024-02-23,1986,112,0,1
2024-02-21,1987,180,0,1
2024-02-02,1988,110,0,1
2024-03-20,1989,355,172,0
2024-03-06,1990,178,71,0
2024-02-28,1991,138,117,0
2024-03-26,1992,164,162,0
2024-03-11,1993,391,377,0
2024-01-24,1994,427,263,0
2024-01-03,1995,403,0,1
2024-03-21,1996,359,0,1
2024-03-31,1997,442,345,0
2024-03-07,1998,150,0,1
2024-01-24,1999,107,100,0
2024-03-14,2000,371,38,0
2024-03-04,2001,319,0,1
2024-01-28,2002,80,0,1
2024-03-25,2003,447,362,0
2024-02-29,2004,395,0,1
2024-02-04,2005,376,0,1
2024-03-22,2006,388,0,1
2024-03-09,2007,288,0,1
2024-03-19,2008,477,353,0
2024-02-25,2009,143,81,0
2024-03-13,2010,14,1,0
2024-03-21,2011,404,222,0
2024-01-08,2012,163,0,1
2024-03-07,2013,154,0,1
2024-01-26,2014,431,52,0
2024-02-16,2015,187,0,1
2024-02-29,2016,410,0,1
2024-01-19,2017,216,181,0
2024-01-31,2018,494,0,1
2024-01-20,2019,217,0,1
2024-03-28,2020,430,0,1
2024-02-08,2021,306,267,0
2024-02-25,2022,397,0,1
2024-02-22,2023,345,163,0
2024-02-10,2024,16,0,1
2024-01-09,2025,251,0,1
2024-03-22,2026,344,98,0
2024-01-27,2027,272,19,0
2024-02-22,2028,399,0,1
2024-02-04,2029,497,486,0
2024-02-06,2030,86,82,0
2024-03-23,2031,453,0,1
2024-01-21,2032,213,161,0
2024-02-02,2033,126,0,1
2024-03-28,2034,126,2,0
2024-03-17,2035,380,0,1
2024-01-31,2036,393,0,1
2024-02-21,2037,117,0,1
2024-01-31,2038,252,63,0
2024-01-15,2039,129,36,0
2024-01-20,2040,274,193,0
2024-01-25,2041,310,113,0
2024-01-04,2042,412,0,1
2024-02-01,2043,292,0,1
2024-02-09,2044,397,0,1
2024-02-29,2045,249,173,0
2024-03-03,2046,379,101,0
2024-03-12,2047,426,136,0
2024-02-25,2048,246,121,0
2024-02-24,2049,184,0,1
2024-03-23,2050,415,0,1
2024-01-05,2051,53,10,0
2024-01-26,2052,170,0,1
2024-01-21,2053,443,0,1
2024-02-04,2054,106,0,1
2024-01-18,2055,229,125,0
2024-01-04,2056,404,0,1
2024-02-03,2057,492,417,0
2024-02-05,2058,367,96,0
2024-03-25,2059,223,188,0
2024-03-11,2060,117,0,1
2024-01-23,2061,234,0,1
2024-03-23,2062,240,0,1
2024-01-06,2063,446,255,0
2024-03-03,2064,295,145,0
2024-01-03,2065,25,0,1
2024-01-08,2066,201,0,1
2024-01-11,2067,81,0,1
2024-02-10,2068,305,0,1
2024-03-18,2069,457,68,0
2024-02-08,2070,75,0,1
2024-01-09,2071,166,0,1
2024-02-22,2072,492,0,1
2024-02-16,2073,387,102,0
2024-03-26,2074,14,11,0
2024-03-25,2075,265,46,0
2024-01-12,2076,424,265,0
2024-02-20,2077,347,0,1
2024-01-18,2078,437,0,1
2024-01-31,2079,191,186,0
2024-01-15,2080,183,55,0
2024-03-14,2081,125,0,1
2024-03-05,2082,224,1,0
2024-01-16,2083,227,0,1
2024-03-07,2084,361,0,1
2024-03-26,2085,395,223,0
2024-03-15,2086,216,0,1
2024-03-08,2087,400,0,1
2024-02-02,2088,408,35,0
2024-03-04,2089,363,0,1
2024-01-12,2090,285,252,0
2024-01-31,2091,163,0,1
2024-03-17,2092,176,143,0
2024-01-16,2093,310,107,0
2024-02-10,2094,21,6,0
2024-02-12,2095,300,20,0
2024-03-15,2096,412,0,1
2024-02-19,2097,26,14,0
2024-01-31,2098,482,0,1
2024-02-24,2099,81,34,0
2024-01-28,2100,88,0,1
2024-01-19,2101,497,315,0
2024-01-14,2102,179,98,0
2024-01-23,2103,300,299,0
2024-01-28,2104,332,0,1
2024-02-05,2105,419,0,1
2024-02-26,2106,318,121,0
2024-02-22,2107,477,0,1
2024-02-02,2108,321,0,1
2024-03-16,2109,303,179,0
2024-01-08,2110,453,0,1
2024-03-03,2111,210,0,1
2024-03-09,2112,205,0,1
2024-02-17,2113,114,0,1
2024-03-30,2114,495,0,1
2024-01-15,2115,210,0,1
2024-02-10,2116,42,0,1
2024-03-10,2117,283,0,1
2024-02-24,2118,207,124,0
2024-03-01,2119,106,68,0
2024-03-28,2120,253,0,1
2024-02-01,2121,65,0,1
2024-02-05,2122,178,0,1
2024-01-19,2123,301,93,0
2024-02-16,2124,241,225,0
2024-03-01,2125,337,0,1
2024-02-17,2126,468,0,1
2024-02-09,2127,165,0,1
2024-01-03,2128,57,0,1
2024-03-23,2129,97,0,1
2024-03-18,2130,63,20,0
2024-01-05,2131,355,119,0
2024-03-25,2132,293,150,0
2024-01-07,2133,100,86,0
2024-03-29,2134,26,16,0
2024-03-26,2135,433,0,1
2024-01-31,2136,362,251,0
2024-02-02,2137,318,0,1
2024-03-11,2138,260,201,0
2024-02-19,2139,23,0,1
2024-02-09,2140,105,77,0
2024-03-22,2141,111,0,1
2024-03-30,2142,45,0,1
2024-02-16,2143,476,183,0
2024-03-28,2144,207,140,0
2024-01-16,2145,155,0,1
2024-03-09,2146,115,0,1
2024-01-31,2147,129,124,0
2024-02-26,2148,159,76,0
2024-02-19,2149,347,0,1
2024-01-02,2150,278,50,0
2024-02-20,2151,45,0,1
2024-02-02,2152,242,0,1
2024-02-08,2153,39,0,1
2024-01-12,2154,198,0,1
2024-01-31,2155,275,113,0
2024-02-08,2156,15,0,1
2024-01-27,2157,97,15,0
2024-01-21,2158,177,0,1
2024-02-26,2159,450,0,1
2024-03-21,2160,475,0,1
2024-02-10,2161,220,0,1
2024-03-23,2162,210,0,1
2024-02-22,2163,90,37,0
2024-01-05,2164,66,54,0
2024-02-05,2165,76,0,1
2024-01-11,2166,284,229,0
2024-03-03,2167,224,84,0
2024-03-01,2168,254,64,0
2024-02-22,2169,390,340,0
2024-02-12,2170,45,0,1
2024-02-24,2171,209,0,1
2024-01-13,2172,499,0,1
2024-01-21,2173,472,218,0
2024-03-30,2174,453,0,1
2024-02-03,2175,115,15,0
2024-03-05,2176,76,0,1
2024-01-09,2177,455,91,0
2024-02-15,2178,115,0,1
2024-02-23,2179,168,119,0
2024-03-18,2180,231,0,1
2024-03-11,2181,428,164,0
2024-02-11,2182,373,0,1
2024-02-28,2183,350,339,0
2024-03-29,2184,253,0,1
2024-01-04,2185,91,0,1
2024-01-07,2186,319,59,0
2024-03-23,2187,304,0,1
2024-03-23,2188,490,178,0
2024-01-24,2189,168,102,0
2024-03-21,2190,310,66,0
2024-02-26,2191,113,100,0
2024-03-23,2192,267,0,1
2024-01-18,2193,376,0,1
2024-01-01,2194,360,248,0
2024-02-21,2195,244,0,1
2024-01-26,2196,151,126,0
2024-03-21,2197,113,77,0
2024-02-09,2198,13,7,0
2024-02-10,2199,83,31,0
2024-03-14,2200,238,0,1
2024-01-11,2201,42,2,0
2024-01-15,2202,432,149,0
2024-01-21,2203,214,69,0
2024-02-01,2204,319,260,0
2024-03-07,2205,423,0,1
2024-03-24,2206,136,56,0
2024-01-17,2207,279,210,0
2024-03-17,2208,178,0,1
2024-03-28,2209,476,0,1
2024-02-22,2210,301,32,0
2024-02-10,2211,460,288,0
2024-02-27,2212,261,166,0
2024-03-02,2213,245,0,1
2024-01-18,2214,246,67,0
2024-02-03,2215,304,163,0
2024-01-23,2216,30,0,1
2024-03-28,2217,387,0,1
2024-03-16,2218,56,27,0
2024-02-11,2219,157,0,1
2024-02-06,2220,340,201,0
2024-01-26,2221,461,415,0
2024-01-11,2222,480,227,0
2024-02-23,2223,243,109,0
2024-02-17,2224,187,103,0
2024-01-24,2225,368,0,1
2024-02-20,2226,441,134,0
2024-02-18,2227,374,28,0
2024-03-14,2228,415,138,0
2024-01-29,2229,162,0,1
2024-01-03,2230,210,0,1
2024-01-03,2231,323,249,0
2024-03-12,2232,431,373,0
2024-03-23,2233,424,113,0
2024-03-19,2234,445,0,1
2024-03-21,2235,99,0,1
2024-01-30,2236,222,87,0
2024-01-12,2237,137,0,1
2024-02-29,2238,101,82,0
2024-01-26,2239,470,0,1
2024-02-03,2240,326,24,0
2024-03-30,2241,385,0,1
2024-01-22,2242,231,79,0
2024-01-07,2243,244,0,1
2024-02-21,2244,206,115,0
2024-03-20,2245,476,210,0
2024-02-24,2246,347,0,1
2024-03-17,2247,103,0,1
2024-02-03,2248,367,0,1
2024-01-20,2249,301,0,1
2024-01-12,2250,58,15,0
2024-02-17,2251,211,147,0
2024-01-22,2252,367,0,1
2024-03-13,2253,494,449,0
2024-01-16,2254,32,11,0
2024-01-02,2255,132,53,0
2024-03-08,2256,463,400,0
2024-02-25,2257,455,0,1
2024-02-28,2258,90,0,1
2024-03-27,2259,150,0,1
2024-03-04,2260,461,321,0
2024-01-16,2261,331,57,0
2024-01-29,2262,285,0,1
2024-01-27,2263,159,158,0
2024-01-25,2264,351,313,0
2024-02-04,2265,479,169,0
2024-02-06,2266,44,9,0
2024-03-04,2267,367,310,0
2024-02-18,2268,381,277,0
2024-01-17,2269,379,0,1
2024-02-25,2270,471,11,0
2024-01-27,2271,121,93,0
2024-03-17,2272,475,11,0
2024-01-28,2273,262,0,1
2024-02-06,2274,220,206,0
2024-03-27,2275,400,195,0
2024-01-25,2276,293,47,0
2024-02-23,2277,72,43,0
2024-01-24,2278,198,0,1
2024-02-22,2279,49,0,1
2024-01-19,2280,396,0,1
2024-01-04,2281,63,59,0
2024-02-07,2282,268,181,0
2024-02-03,2283,402,0,1
2024-01-31,2284,409,0,1
2024-03-20,2285,176,0,1
2024-02-27,2286,219,0,1
2024-02-01,2287,240,0,1
2024-02-17,2288,94,0,1
2024-03-15,2289,139,17,0
2024-03-28,2290,116,0,1
2024-03-23,2291,269,26,0
2024-02-28,2292,32,14,0
2024-01-11,2293,246,0,1
2024-01-02,2294,23,0,1
2024-03-01,2295,47,24,0
2024-01-18,2296,337,0,1
2024-02-11,2297,365,275,0
2024-03-29,2298,355,102,0
2024-02-20,2299,393,0,1
2024-03-28,2300,246,0,1
2024-01-28,2301,205,0,1
2024-02-19,2302,185,0,1
2024-03-31,2303,391,0,1
2024-02-24,2304,214,0,1
2024-03-17,2305,448,81,0
2024-02-02,2306,109,0,1
2024-01-10,2307,213,0,1
2024-01-13,2308,29,27,0
2024-03-12,2309,15,0,1
2024-01-08,2310,138,0,1
2024-01-07,2311,68,51,0
2024-02-12,2312,373,0,1
2024-01-31,2313,479,441,0
2024-03-01,2314,79,30,0
2024-02-15,2315,177,0,1
2024-03-18,2316,353,0,1
2024-03-26,2317,393,0,1
2024-03-17,2318,247,0,1
2024-03-31,2319,258,0,1
2024-01-06,2320,246,75,0
2024-01-01,2321,44,11,0
2024-02-02,2322,52,24,0
2024-03-05,2323,290,0,1
2024-03-20,2324,346,0,1
2024-02-18,2325,134,85,0
2024-02-08,2326,375,0,1
2024-02-20,2327,496,212,0
2024-03-26,2328,234,56,0
2024-02-17,2329,81,71,0
2024-01-17,2330,251,0,1
2024-03-12,2331,430,0,1
2024-01-06,2332,152,64,0
2024-03-15,2333,440,0,1
2024-01-23,2334,92,2,0
2024-02-03,2335,97,5,0
2024-01-22,2336,439,0,1
2024-03-05,2337,19,1,0
2024-03-04,2338,320,0,1
2024-02-13,2339,61,49,0
2024-02-29,2340,100,0,1
2024-01-17,2341,160,0,1
2024-01-12,2342,73,68,0
2024-02-10,2343,283,53,0
2024-03-31,2344,389,0,1
2024-03-08,2345,210,0,1
2024-02-25,2346,96,65,0
2024-01-19,2347,49,26,0
2024-02-03,2348,353,249,0
2024-01-15,2349,400,0,1
2024-02-10,2350,15,1,0
2024-01-06,2351,356,0,1
2024-01-17,2352,149,0,1
2024-03-04,2353,88,0,1
2024-02-05,2354,235,0,1
2024-02-16,2355,193,41,0
2024-02-25,2356,101,37,0
2024-02-06,2357,120,39,0
2024-02-03,2358,375,0,1
2024-03-19,2359,27,0,1
2024-02-03,2360,467,13,0
2024-03-07,2361,355,0,1
2024-02-10,2362,282,0,1
2024-02-25,2363,120,30,0
2024-01-22,2364,236,162,0
2024-02-10,2365,366,0,1
2024-03-03,2366,34,16,0
2024-01-20,2367,438,0,1
2024-03-12,2368,335,0,1
2024-03-25,2369,425,18,0
2024-03-22,2370,277,140,0
2024-02-26,2371,338,0,1
2024-01-07,2372,349,64,0
2024-01-25,2373,376,194,0
2024-01-20,2374,347,0,1
2024-01-07,2375,469,0,1
2024-01-30,2376,62,42,0
2024-01-24,2377,209,0,1
2024-01-05,2378,363,206,0
2024-03-01,2379,167,34,0
2024-02-03,2380,237,0,1
2024-01-21,2381,36,18,0
2024-03-31,2382,316,44,0
2024-02-29,2383,12,0,1
2024-02-25,2384,34,5,0
2024-01-15,2385,405,0,1
2024-03-04,2386,203,0,1
2024-01-06,2387,402,0,1
2024-02-26,2388,113,0,1
2024-02-15,2389,485,0,1
2024-03-31,2390,137,0,1
2024-03-12,2391,201,19,0
2024-03-03,2392,475,0,1
2024-02-28,2393,132,0,1
2024-03-04,2394,112,65,0
2024-01-15,2395,56,0,1
2024-01-19,2396,18,0,1
2024-01-16,2397,225,0,1
2024-02-14,2398,24,0,1
2024-01-12,2399,17,14,0
2024-01-27,2400,182,0,1
2024-02-06,2401,430,11,0
2024-01-24,2402,108,2,0
2024-01-22,2403,358,278,0
2024-03-06,2404,352,310,0
2024-02-04,2405,42,10,0
2024-03-13,2406,122,13,0
2024-03-25,2407,500,377,0
2024-03-15,2408,461,0,1
2024-01-28,2409,59,0,1
2024-03-15,2410,418,302,0
2024-01-01,2411,437,406,0
2024-03-08,2412,435,201,0
2024-03-14,2413,350,100,0
2024-01-24,2414,95,0,1
2024-02-23,2415,380,311,0
2024-01-10,2416,95,40,0
2024-02-01,2417,32,0,1
2024-03-04,2418,222,201,0
2024-03-27,2419,272,166,0
2024-01-13,2420,65,55,0
2024-02-12,2421,427,0,1
2024-01-04,2422,177,132,0
2024-02-06,2423,175,0,1
2024-03-28,2424,297,0,1
2024-03-28,2425,330,0,1
2024-01-16,2426,107,0,1
2024-02-20,2427,329,12,0
2024-02-17,2428,116,39,0
2024-03-16,2429,488,0,1
2024-01-14,2430,287,141,0
2024-02-11,2431,212,118,0
2024-01-20,2432,490,0,1
2024-01-04,2433,229,52,0
2024-01-11,2434,71,0,1
2024-02-28,2435,128,0,1
2024-03-31,2436,119,13,0
2024-03-25,2437,64,34,0
2024-03-02,2438,192,0,1
2024-02-28,2439,175,0,1
2024-03-21,2440,98,0,1
2024-02-04,2441,17,0,1
2024-03-17,2442,215,0,1
2024-03-25,2443,344,336,0
2024-01-01,2444,171,148,0
2024-02-12,2445,16,0,1
2024-01-06,2446,209,0,1
2024-03-24,2447,118,61,0
2024-03-20,2448,244,0,1
2024-02-27,2449,122,49,0
2024-02-11,2450,43,19,0
2024-03-13,2451,346,220,0
2024-01-17,2452,427,48,0
2024-01-28,2453,152,0,1
2024-01-07,2454,342,114,0
2024-03-23,2455,329,209,0
2024-02-06,2456,198,144,0
2024-02-11,2457,32,18,0
2024-01-08,2458,44,0,1
2024-01-10,2459,463,0,1
2024-03-11,2460,121,62,0
2024-03-18,2461,220,0,1
2024-02-18,2462,164,73,0
2024-01-12,2463,402,0,1
2024-02-21,2464,316,274,0
2024-02-02,2465,265,0,1
2024-01-23,2466,62,0,1
2024-01-31,2467,374,0,1
2024-02-21,2468,284,260,0
2024-01-12,2469,415,126,0
2024-01-03,2470,482,196,0
2024-01-27,2471,445,9,0
2024-01-21,2472,301,0,1
2024-02-19,2473,97,0,1
2024-02-21,2474,138,0,1
2024-02-06,2475,58,32,0
2024-03-23,2476,317,0,1
2024-03-24,2477,176,101,0
2024-01-20,2478,333,191,0
2024-01-16,2479,366,0,1
2024-02-08,2480,208,0,1
2024-03-03,2481,357,280,0
2024-02-25,2482,483,0,1
2024-02-09,2483,404,366,0
2024-03-28,2484,365,56,0
2024-03-18,2485,78,0,1
2024-01-17,2486,180,116,0
2024-02-15,2487,99,29,0
2024-03-26,2488,335,296,0
2024-01-13,2489,399,13,0
2024-02-17,2490,462,0,1
2024-03-06,2491,362,204,0
2024-01-26,2492,172,0,1
2024-03-03,2493,445,395,0
2024-02-27,2494,351,0,1
2024-02-19,2495,256,0,1
2024-03-01,2496,44,0,1
2024-02-04,2497,181,0,1
2024-03-13,2498,19,8,0
2024-03-17,2499,321,229,0
2024-02-24,2500,476,0,1
2024-01-12,2501,309,0,1
2024-02-24,2502,239,95,0
2024-02-17,2503,205,123,0
2024-03-19,2504,271,0,1
2024-01-24,2505,337,0,1
2024-02-25,2506,389,0,1
2024-03-21,2507,129,28,0
2024-02-24,2508,267,0,1
2024-01-12,2509,310,0,1
2024-01-06,2510,370,0,1
2024-03-06,2511,16,10,0
2024-02-13,2512,129,86,0
2024-02-29,2513,20,0,1
2024-03-27,2514,325,0,1
2024-01-29,2515,398,74,0
2024-03-23,2516,469,0,1
2024-03-28,2517,73,11,0
2024-01-20,2518,168,0,1
2024-03-04,2519,131,25,0
2024-03-08,2520,387,0,1
2024-03-21,2521,229,0,1
2024-03-23,2522,397,0,1
2024-03-08,2523,134,44,0
2024-01-11,2524,327,107,0
2024-02-07,2525,50,32,0
2024-02-29,2526,40,38,0
2024-02-25,2527,80,32,0
2024-01-11,2528,201,22,0
2024-03-02,2529,265,73,0
2024-02-08,2530,161,104,0
2024-01-20,2531,113,0,1
2024-01-17,2532,87,79,0
2024-03-28,2533,202,122,0
2024-02-08,2534,114,67,0
2024-02-01,2535,338,0,1
2024-03-07,2536,29,24,0
2024-02-24,2537,131,0,1
2024-02-07,2538,482,0,1
2024-03-13,2539,381,0,1
2024-01-07,2540,316,291,0
2024-03-11,2541,494,390,0
2024-01-10,2542,237,0,1
2024-01-06,2543,388,0,1
2024-03-06,2544,459,120,0
2024-01-14,2545,178,16,0
2024-03-06,2546,78,64,0
2024-02-24,2547,152,0,1
2024-02-22,2548,172,0,1
2024-01-13,2549,339,0,1
2024-02-29,2550,412,130,0
2024-03-25,2551,399,211,0
2024-03-13,2552,30,10,0
2024-02-02,2553,276,0,1
2024-02-15,2554,415,0,1
2024-02-02,2555,222,190,0
2024-03-15,2556,341,173,0
2024-01-11,2557,426,0,1
2024-03-05,2558,157,39,0
2024-01-03,2559,394,19,0
2024-01-15,2560,22,11,0
2024-03-25,2561,127,0,1
2024-02-29,2562,443,0,1
2024-01-23,2563,385,353,0
2024-01-24,2564,179,145,0
2024-02-20,2565,185,0,1
2024-01-06,2566,134,0,1
2024-01-11,2567,115,0,1
2024-02-23,2568,286,209,0
2024-03-31,2569,37,1,0
2024-02-08,2570,474,0,1
2024-02-10,2571,479,138,0
2024-03-16,2572,350,108,0
2024-02-28,2573,137,126,0
2024-03-26,2574,420,0,1
2024-02-27,2575,361,0,1
2024-03-20,2576,366,280,0
2024-02-03,2577,378,0,1
2024-02-13,2578,123,64,0
2024-01-24,2579,321,0,1
2024-01-28,2580,456,161,0
2024-01-24,2581,205,167,0
2024-01-11,2582,276,121,0
2024-03-18,2583,174,0,1
2024-02-03,2584,103,42,0
2024-03-27,2585,236,119,0
2024-01-14,2586,332,248,0
2024-02-25,2587,13,9,0
2024-03-09,2588,43,36,0
2024-01-03,2589,455,0,1
2024-01-01,2590,261,0,1
2024-02-20,2591,45,0,1
2024-01-15,2592,498,0,1
2024-01-02,2593,108,0,1
2024-01-22,2594,36,0,1
2024-03-24,2595,334,0,1
2024-03-02,2596,82,0,1
2024-02-28,2597,490,0,1
2024-03-29,2598,114,0,1
2024-02-21,2599,74,11,0
2024-03-25,2600,56,0,1
2024-03-18,2601,98,0,1
2024-03-03,2602,313,0,1
2024-02-08,2603,291,0,1
2024-03-20,2604,435,54,0
2024-03-19,2605,417,0,1
2024-02-16,2606,487,218,0
2024-03-29,2607,114,90,0
2024-03-27,2608,130,0,1
2024-03-29,2609,269,40,0
2024-03-27,2610,50,25,0
2024-02-20,2611,228,0,1
2024-02-08,2612,381,0,1
2024-01-12,2613,249,33,0
2024-01-17,2614,169,4,0
2024-01-18,2615,94,0,1
2024-01-02,2616,379,0,1
2024-01-25,2617,111,21,0
2024-01-15,2618,135,134,0
2024-01-03,2619,227,192,0
2024-03-30,2620,100,0,1
2024-01-25,2621,320,63,0
2024-01-04,2622,137,0,1
2024-01-27,2623,165,0,1
2024-03-02,2624,156,43,0
2024-03-24,2625,305,0,1
2024-01-19,2626,239,0,1
2024-03-24,2627,335,0,1
2024-01-31,2628,113,0,1
2024-02-25,2629,149,0,1
2024-03-21,2630,451,0,1
2024-03-09,2631,410,0,1
2024-01-25,2632,256,102,0
2024-01-12,2633,50,29,0
2024-02-08,2634,496,0,1
2024-02-29,2635,194,30,0
2024-01-19,2636,213,0,1
2024-03-01,2637,203,0,1
2024-02-24,2638,95,0,1
2024-01-03,2639,251,0,1
2024-01-15,2640,235,10,0
2024-01-22,2641,226,109,0
2024-01-20,2642,268,0,1
2024-03-30,2643,322,254,0
2024-02-26,2644,386,0,1
2024-03-03,2645,231,44,0
2024-03-01,2646,399,0,1
2024-01-03,2647,89,81,0
2024-02-27,2648,429,0,1
2024-03-15,2649,498,0,1
2024-02-01,2650,416,0,1
2024-01-26,2651,256,250,0
2024-02-07,2652,20,0,1
2024-03-13,2653,400,72,0
2024-02-20,2654,205,0,1
2024-01-07,2655,228,192,0
2024-02-12,2656,447,281,0
2024-01-02,2657,52,0,1
2024-01-14,2658,398,215,0
2024-03-21,2659,474,205,0
2024-02-25,2660,481,0,1
2024-02-23,2661,163,0,1
2024-03-04,2662,314,5,0
2024-03-15,2663,285,0,1
2024-03-17,2664,88,0,1
2024-03-11,2665,293,152,0
2024-02-07,2666,382,61,0
2024-01-05,2667,99,0,1
2024-03-03,2668,141,112,0
2024-02-21,2669,204,0,1
2024-03-03,2670,247,0,1
2024-03-06,2671,166,76,0
2024-03-16,2672,242,185,0
2024-03-19,2673,155,0,1
2024-03-27,2674,202,174,0
2024-03-03,2675,297,139,0
2024-01-30,2676,320,0,1
2024-01-08,2677,256,166,0
2024-03-08,2678,46,0,1
2024-01-03,2679,180,158,0
2024-02-24,2680,79,48,0
2024-03-14,2681,376,0,1
2024-02-10,2682,250,0,1
2024-03-11,2683,110,73,0
2024-01-09,2684,89,0,1
2024-02-04,2685,479,0,1
2024-03-23,2686,107,0,1
2024-02-23,2687,12,11,0
2024-03-01,2688,16,0,1
2024-01-15,2689,451,0,1
2024-03-04,2690,266,0,1
2024-03-20,2691,383,85,0
2024-03-23,2692,381,0,1
2024-02-14,2693,201,0,1
2024-02-27,2694,261,73,0
2024-03-30,2695,217,75,0
2024-02-25,2696,483,0,1
2024-01-03,2697,222,134,0
2024-01-21,2698,491,0,1
2024-02-06,2699,212,176,0
2024-01-25,2700,390,0,1
2024-03-01,2701,201,0,1
2024-02-14,2702,206,53,0
2024-02-26,2703,260,0,1
2024-01-30,2704,167,0,1
2024-03-05,2705,338,315,0
2024-01-29,2706,311,0,1
2024-03-16,2707,46,0,1
2024-03-28,2708,219,183,0
2024-02-13,2709,463,191,0
2024-03-18,2710,29,0,1
2024-03-25,2711,481,0,1
2024-02-29,2712,73,0,1
2024-01-17,2713,207,0,1
2024-02-07,2714,487,0,1
2024-02-19,2715,299,0,1
2024-02-23,2716,93,0,1
2024-03-27,2717,109,0,1
2024-03-24,2718,400,0,1
2024-02-16,2719,233,0,1
2024-03-01,2720,500,266,0
2024-01-21,2721,140,65,0
2024-03-20,2722,404,0,1
2024-01-27,2723,477,242,0
2024-02-06,2724,394,237,0
2024-03-29,2725,379,0,1
2024-01-12,2726,188,54,0
2024-03-26,2727,270,0,1
2024-03-02,2728,373,170,0
2024-01-17,2729,260,0,1
2024-01-23,2730,335,70,0
2024-01-26,2731,362,0,1
2024-01-21,2732,198,43,0
2024-03-18,2733,366,0,1
2024-03-03,2734,39,34,0
2024-01-13,2735,343,0,1
2024-02-23,2736,207,0,1
2024-03-04,2737,484,367,0
2024-02-08,2738,227,213,0
2024-01-31,2739,386,243,0
2024-01-27,2740,136,0,1
2024-03-12,2741,134,3,0
2024-01-07,2742,254,0,1
2024-01-03,2743,27,11,0
2024-02-15,2744,481,0,1
2024-02-03,2745,426,0,1
2024-02-15,2746,195,0,1
2024-03-27,2747,333,214,0
2024-01-21,2748,371,92,0
2024-01-23,2749,356,77,0
2024-03-05,2750,24,16,0
2024-01-05,2751,367,35,0
2024-01-09,2752,350,0,1
2024-02-13,2753,340,3,0
2024-02-25,2754,85,40,0
2024-01-15,2755,143,49,0
2024-03-20,2756,319,0,1
2024-01-30,2757,243,0,1
2024-01-16,2758,493,103,0
2024-03-12,2759,358,0,1
2024-01-29,2760,85,13,0
2024-03-03,2761,140,138,0
2024-02-03,2762,136,118,0
2024-02-13,2763,318,170,0
2024-02-15,2764,306,49,0
2024-01-06,2765,497,32,0
2024-03-12,2766,349,320,0
2024-02-04,2767,440,240,0
2024-01-20,2768,92,77,0
2024-03-29,2769,16,6,0
2024-03-06,2770,69,0,1
2024-03-18,2771,404,35,0
2024-03-26,2772,57,0,1
2024-01-14,2773,339,0,1
2024-03-31,2774,374,180,0
2024-01-07,2775,479,326,0
2024-02-26,2776,206,0,1
2024-02-28,2777,213,0,1
2024-01-15,2778,371,0,1
2024-01-14,2779,310,287,0
2024-03-19,2780,471,453,0
2024-03-19,2781,51,0,1
2024-01-14,2782,275,0,1
2024-03-12,2783,475,116,0
2024-01-06,2784,106,0,1
2024-03-05,2785,458,177,0
2024-01-14,2786,226,161,0
2024-01-22,2787,94,2,0
2024-03-21,2788,434,99,0
2024-01-16,2789,228,71,0
2024-01-27,2790,139,73,0
2024-02-16,2791,364,219,0
2024-01-21,2792,164,0,1
2024-02-07,2793,266,0,1
2024-03-31,2794,282,0,1
2024-02-26,2795,347,0,1
2024-03-05,2796,463,300,0
2024-03-04,2797,205,0,1
2024-01-13,2798,310,0,1
2024-01-20,2799,167,0,1
2024-03-23,2800,385,0,1
2024-02-16,2801,220,0,1
2024-02-12,2802,395,374,0
2024-01-18,2803,458,0,1
2024-01-16,2804,483,0,1
2024-01-26,2805,382,0,1
2024-02-26,2806,455,157,0
2024-02-23,2807,55,24,0
2024-01-01,2808,65,0,1
2024-02-01,2809,335,0,1
2024-03-01,2810,303,207,0
2024-02-13,2811,407,0,1
2024-02-06,2812,418,131,0
2024-03-05,2813,186,0,1
2024-01-22,2814,426,288,0
2024-01-11,2815,83,0,1
2024-02-04,2816,147,139,0
2024-02-17,2817,393,0,1
2024-02-23,2818,117,83,0
2024-02-16,2819,486,0,1
2024-03-21,2820,393,0,1
2024-03-26,2821,213,0,1
2024-02-01,2822,367,338,0
2024-01-20,2823,167,52,0
2024-03-08,2824,13,0,1
2024-02-23,2825,96,10,0
2024-01-30,2826,427,0,1
2024-01-18,2827,261,0,1
2024-02-24,2828,10,10,0
2024-02-22,2829,59,10,0
2024-02-22,2830,45,7,0
2024-02-28,2831,406,0,1
2024-03-07,2832,366,0,1
2024-03-28,2833,223,0,1
2024-02-16,2834,278,111,0
2024-01-04,2835,223,0,1
2024-02-26,2836,345,0,1
2024-01-19,2837,157,0,1
2024-01-02,2838,385,144,0
2024-03-07,2839,230,0,1
2024-01-09,2840,97,0,1
2024-01-11,2841,100,0,1
2024-02-13,2842,201,46,0
2024-02-10,2843,105,0,1
2024-02-21,2844,370,135,0
2024-01-22,2845,78,0,1
2024-02-25,2846,111,0,1
2024-01-08,2847,259,0,1
2024-02-20,2848,103,73,0
2024-01-05,2849,267,53,0
2024-03-25,2850,495,65,0
2024-03-23,2851,66,50,0
2024-01-20,2852,240,85,0
2024-03-14,2853,300,295,0
2024-01-08,2854,426,396,0
2024-03-21,2855,118,0,1
2024-03-25,2856,105,0,1
2024-03-07,2857,112,0,1
2024-02-07,2858,40,38,0
2024-02-23,2859,393,310,0
2024-02-21,2860,103,36,0
2024-03-28,2861,424,414,0
2024-03-30,2862,398,0,1
2024-03-11,2863,108,0,1
2024-02-08,2864,142,122,0
2024-02-10,2865,471,108,0
2024-02-14,2866,456,0,1
2024-01-02,2867,219,44,0
2024-02-05,2868,235,1,0
2024-03-08,2869,330,119,0
2024-03-19,2870,477,0,1
2024-01-19,2871,329,0,1
2024-03-30,2872,65,28,0
2024-02-21,2873,454,47,0
2024-02-27,2874,335,0,1
2024-03-23,2875,95,79,0
2024-01-27,2876,50,0,1
2024-03-10,2877,160,0,1
2024-03-20,2878,53,10,0
2024-03-20,2879,203,37,0
2024-03-24,2880,73,22,0
2024-02-26,2881,151,0,1
2024-03-30,2882,42,0,1
2024-02-14,2883,185,0,1
2024-03-24,2884,25,0,1
2024-02-21,2885,309,244,0
2024-01-26,2886,130,1,0
2024-02-08,2887,254,83,0
2024-01-11,2888,258,0,1
2024-01-05,2889,354,40,0
2024-03-09,2890,399,27,0
2024-02-12,2891,61,9,0
2024-02-19,2892,14,9,0
2024-01-17,2893,41,29,0
2024-03-07,2894,146,109,0
2024-03-10,2895,394,341,0
2024-02-06,2896,499,242,0
2024-01-28,2897,13,0,1
2024-01-12,2898,350,0,1
2024-03-06,2899,308,168,0
2024-03-11,2900,414,0,1
2024-02-09,2901,31,10,0
2024-03-07,2902,59,0,1
2024-02-13,2903,118,65,0
2024-03-22,2904,277,61,0
2024-01-21,2905,415,0,1
2024-01-03,2906,13,0,1
2024-01-04,2907,202,0,1
2024-03-10,2908,318,124,0
2024-03-16,2909,276,202,0
2024-02-03,2910,399,0,1
2024-01-31,2911,146,0,1
2024-02-08,2912,487,0,1
2024-02-24,2913,258,194,0
2024-03-05,2914,252,199,0
2024-01-15,2915,397,198,0
2024-01-08,2916,182,0,1
2024-02-17,2917,319,243,0
2024-02-03,2918,229,91,0
2024-03-21,2919,182,0,1
2024-03-05,2920,199,80,0
2024-02-15,2921,359,268,0
2024-01-16,2922,465,0,1
2024-01-07,2923,185,82,0
2024-03-24,2924,171,136,0
2024-01-16,2925,428,0,1
2024-02-27,2926,132,0,1
2024-02-08,2927,491,0,1
2024-03-14,2928,194,0,1
2024-01-01,2929,350,41,0
2024-02-28,2930,214,155,0
2024-02-13,2931,203,0,1
2024-01-31,2932,322,110,0
2024-03-15,2933,39,11,0
2024-03-13,2934,192,0,1
2024-03-21,2935,457,0,1
2024-03-26,2936,179,163,0
2024-03-09,2937,422,143,0
2024-03-17,2938,61,0,1
2024-01-30,2939,11,0,1
2024-02-14,2940,243,183,0
2024-02-08,2941,455,74,0
2024-02-06,2942,367,0,1
2024-03-26,2943,215,0,1
2024-03-14,2944,381,0,1
2024-03-27,2945,437,431,0
2024-01-18,2946,464,0,1
2024-02-18,2947,483,224,0
2024-03-07,2948,81,72,0
2024-02-01,2949,23,15,0
2024-01-14,2950,318,0,1
2024-02-11,2951,72,63,0
2024-03-07,2952,454,356,0
2024-03-15,2953,281,0,1
2024-01-25,2954,153,65,0
2024-02-16,2955,496,351,0
2024-02-28,2956,368,0,1
2024-01-13,2957,394,62,0
2024-01-19,2958,427,0,1
2024-02-24,2959,137,112,0
2024-02-22,2960,198,0,1
2024-01-11,2961,241,167,0
2024-01-12,2962,326,0,1
2024-01-08,2963,361,179,0
2024-02-24,2964,347,92,0
2024-01-17,2965,455,13,0
2024-03-01,2966,253,0,1
2024-01-28,2967,273,188,0
2024-02-27,2968,221,0,1
2024-01-10,2969,348,0,1
2024-02-17,2970,106,0,1
2024-03-27,2971,11,0,1
2024-03-08,2972,336,239,0
2024-02-21,2973,500,395,0
2024-03-16,2974,492,344,0
2024-03-12,2975,426,178,0
2024-03-07,2976,174,109,0
2024-02-20,2977,18,0,1
2024-02-03,2978,334,110,0
2024-03-15,2979,194,0,1
2024-03-04,2980,457,316,0
2024-03-22,2981,33,0,1
2024-02-24,2982,423,0,1
2024-02-26,2983,386,287,0
2024-03-29,2984,176,0,1
2024-03-03,2985,357,0,1
2024-02-23,2986,237,225,0
2024-01-21,2987,129,49,0
2024-01-19,2988,320,0,1
2024-03-05,2989,258,196,0
2024-01-17,2990,214,0,1
2024-03-03,2991,388,0,1
2024-02-28,2992,323,192,0
2024-01-17,2993,416,0,1
2024-03-31,2994,51,0,1
2024-03-06,2995,188,46,0
2024-03-08,2996,229,192,0
2024-01-16,2997,490,6,0
2024-03-29,2998,486,101,0
2024-01-28,2999,492,227,0
